[
    {
        "question": "مين هو أكتر حد ساعدك في حياتك؟",
        "response": "أي إجابة شخصية"
    },
    {
        "question": "إيه أكتر حاجة بتحب تعملها في وقت فراغك؟",
        "response": "أي إجابة شخصية"
    },
    {
        "question": "مين هو أول رئيس لمصر بعد ثورة 1952؟",
        "response": "محمد نجيب"
    },
    {
        "question": "إيه عاصمة مصر؟",
        "response": "القاهرة"
    },
    {
        "question": "مين هو الكاتب اللي كتب 'الأيام'؟",
        "response": "طه حسين"
    },
    {
        "question": "إيه أشهر أكلة في مصر؟",
        "response": "الكشري"
    },
    {
        "question": "مين هو اللاعب المصري اللي خد جايزة أفضل لاعب في إفريقيا؟",
        "response": "محمد صلاح"
    },
    {
        "question": "إيه اسم أكبر قارة في العالم؟",
        "response": "آسيا"
    },
    {
        "question": "إيه العملة الرسمية في مصر؟",
        "response": "الجنيه المصري"
    },
    {
        "question": "إيه هو أطول نهر في العالم؟",
        "response": "نهر النيل"
    },
    {
        "question": "مين هو مؤسس شركة آبل؟",
        "response": "ستيف جوبز"
    },
    {
        "question": "إيه هي أسرع وسيلة مواصلات في العالم؟",
        "response": "الطائرة"
    },
    {
        "question": "إيه عدد كواكب المجموعة الشمسية؟",
        "response": "8 كواكب"
    },
    {
        "question": "إيه هو أكبر محيط في العالم؟",
        "response": "المحيط الهادي"
    },
    {
        "question": "إيه اسم الدولة اللي فيها برج إيفل؟",
        "response": "فرنسا"
    },
    {
        "question": "مين هو العالم اللي اكتشف الجاذبية؟",
        "response": "إسحاق نيوتن"
    },
    {
        "question": "إيه هو الحيوان اللي بيعيش في الماء واليابسة؟",
        "response": "الضفدع"
    },
    {
        "question": "إيه أكتر رياضة شعبية في العالم؟",
        "response": "كرة القدم"
    },
    {
        "question": "إيه اسم الرئيس الأمريكي اللي كتب إعلان الاستقلال؟",
        "response": "توماس جيفرسون"
    },
    {
        "question": "إيه هي اللغة الرسمية في البرازيل؟",
        "response": "البرتغالية"
    },
    {
        "question": "إيه هو أكبر كوكب في المجموعة الشمسية؟",
        "response": "المشتري"
    },
    {
        "question": "إيه هي أكبر دولة من حيث المساحة؟",
        "response": "روسيا"
    },
    {
        "question": "إيه اسم المهرجان السينمائي اللي بيقام في كان؟",
        "response": "مهرجان كان السينمائي"
    },
    {
        "question": "إيه هو العضو المسؤول عن ضخ الدم في الجسم؟",
        "response": "القلب"
    },
    {
        "question": "إيه هو أول قمر صناعي تم إطلاقه؟",
        "response": "سبوتنيك"
    },
    {
        "question": "إيه عدد قارات العالم؟",
        "response": "7 قارات"
    },
    {
        "question": "إيه هي أقدم حضارة في التاريخ؟",
        "response": "الحضارة المصرية القديمة"
    },
    {
        "question": "إيه هي اللغة اللي بيتكلمها أكتر عدد من الناس في العالم؟",
        "response": "الإنجليزية"
    },
    {
        "question": "إيه هو العنصر اللي بنستخدمه في توليد الكهرباء؟",
        "response": "الكهرباء"
    },
    {
        "question": "مين اخترع المصباح الكهربائي؟",
        "response": "توماس إديسون"
    },
    {
        "question": "إيه هي عاصمة اليابان؟",
        "response": "طوكيو"
    }
]