[
  {"question": "كام مرة مات كريلن في دراجون بول لحد دلوقتي؟\n\nA) 3\n\nB) 4\n\nC) 5", "response": "A"},
  
  {"question": "إيه اسم والد جوكو الأرضي؟\n\nA) بارداك\n\nB) جوتين\n\nC) جوهان", "response": "A"},
  
  {"question": "أنهي دولة عاصمتها بتتسمى مدينة الحب؟\n\nA) إيطاليا\n\nB) رومانيا\n\nC) فرنسا", "response": "C"},
  
  {"question": "البلاستيك بياخد كام سنة عشان يتحلل؟\n\nA) 15-30 سنة\n\nB) 50-75 سنة\n\nC) 100-1000 سنة", "response": "C"},
  
  {"question": "أنهي دولة عاصمتها بودابست؟\n\nA) المجر\n\nB) رومانيا\n\nC) هولندا", "response": "A"},
  
  {"question": "كام كرة ذهبية مع رونالدينيو؟\n\nA) 1\n\nB) 2\n\nC) 0", "response": "A"},
  
  {"question": "الدولة اللي بتتسمى مهد كرة القدم؟\n\nA) الأرجنتين\n\nB) البرازيل\n\nC) كلهم صح", "response": "B"},
  
  {"question": "أنهي دولة هي الأكبر في العالم؟\n\nA) روسيا\n\nB) الصين\n\nC) فرنسا", "response": "A"},
  
  {"question": "كام فيلم في سلسلة هاري بوتر؟\n\nA) 8 أفلام\n\nB) 7 أفلام\n\nC) 10 أفلام", "response": "A"},
  
  {"question": "المشروب الوطني للأرجنتين؟\n\nA) فرنات\n\nB) تيريريه\n\nC) كلهم صح", "response": "A"},
  
  {"question": "مسلسل سيمبسون عنده كام سنة؟\n\nA) 33 سنة\n\nB) 34 سنة\n\nC) 36 سنة", "response": "C"},
  
  {"question": "كام ساعة في 7 أيام؟\n\nA) 148 ساعة\n\nB) 168 ساعة\n\nC) 156 ساعة", "response": "B"},
  
  {"question": "كام موسم في مسلسل The Walking Dead؟\n\nA) 12 موسم\n\nB) 11 موسم\n\nC) 18 موسم", "response": "B"},
  
  {"question": "اللون الناتج عن خلط الأزرق والأحمر؟\n\nA) ليلكي\n\nB) بنفسجي\n\nC) قاني", "response": "B"},
  
  {"question": "أغنى شخص حاليًا؟\n\nA) إيلون ماسك\n\nB) برنارد أرنو\n\nC) جيف بيزوس", "response": "B"},
  
  {"question": "مؤسس شركة Space X؟\n\nA) دانيال سكوتلاند\n\nB) إيلون ماسك\n\nC) مارك زوكربيرج", "response": "B"},
  
  {"question": "الاسم العلمي للمياه؟\n\nA) أكسيدانو\n\nB) أكوا\n\nC) H2O", "response": "A"},
  
  {"question": "الدولة اللي بتشرب الماتيه تقليديًا؟\n\nA) الأرجنتين\n\nB) باراجواي\n\nC) كلهم صح", "response": "A"},
  
  {"question": "إيه هو المشروب الباراجواني اللي اسمه تيريريه؟\n\nA) ماتيه بسكر\n\nB) ماتيه بالكحول\n\nC) ماتيه بالعصير", "response": "C"},
  
  {"question": "كام فيلم في سلسلة Deadpool؟\n\nA) 4 أفلام\n\nB) 2 فيلم\n\nC) 3 أفلام", "response": "C"},
  
  {"question": "اسم بنت جوهان؟\n\nA) بان\n\nB) فيدل\n\nC) باو باو", "response": "A"},
  
  {"question": "إزاي النباتات بتتغذى؟\n\nA) من خلال المياه والشمس\n\nB) عملية التمثيل الضوئي\n\nC) العناصر الغذائية من الأرض", "response": "B"},
  
  {"question": "أنهي دولة هي الأكثر سكانًا في قارة أفريقيا؟\n\nA) الكاميرون\n\nB) نيجيريا\n\nC) مصر", "response": "B"},
  
  {"question": "أكثر دولة سكانًا في العالم؟\n\nA) الصين\n\nB) الهند\n\nC) ولا واحدة صح", "response": "B"},
  
  {"question": "إيه اسم مواطني باكستان؟\n\nA) باكستاني\n\nB) باكستانيين\n\nC) باكستانوس", "response": "A"}

  {"question": "إزاي بتتقال لما لاعب يسجل 3 أهداف في ماتش واحد؟\n\nA) هات تريك\n\nB) تريبليت\n\nC) كلهم صح", "response": "C"},

  {"question": "الفائز بالكرة الذهبية سنة 2010\n\nA) تشافي\n\nB) ليونيل ميسي\n\nC) كريستيانو رونالدو", "response": "B"},

  {"question": "كل كام سنة بيكون في سنة كبيسة؟\n\nA) كل سنتين\n\nB) كل 3 سنين\n\nC) كل 4 سنين", "response": "C"},

  {"question": "الجيش اللي كان اسمه الجيش الأحمر في الحرب العالمية التانية\n\nA) جيش الاتحاد السوفيتي\n\nB) الجيش النازي\n\nC) الجيش البريطاني", "response": "A"},

  {"question": "ألمانيا كانت بتحارب مين في يوم دي دي؟\n\nA) الجيش الأمريكي\n\nB) الجيش البريطاني\n\nC) كلهم صح", "response": "C"},

  {"question": "كام بتساوي 2x-1+1؟\n\nA) -3\n\nB) 0\n\nC) -1", "response": "C"},

  {"question": "إيه اسم مؤسس شركة ميتا؟\n\nA) مارك زوكربيرج\n\nB) دانيال سكوتلاند\n\nC) إيلون ماسك", "response": "A"},

  {"question": "جنسية مؤسس ماركة جوتشي؟\n\nA) إيطالي\n\nB) فرنسي\n\nC) أمريكي", "response": "A"},

  {"question": "كام نوع طاقة موجود؟\n\nA) 5 أنواع\n\nB) 6 أنواع\n\nC) 7 أنواع", "response": "C"},

  {"question": "فريق الكرة اللي عنده أكتر عدد من البطولات الرسمية في العالم\n\nA) ريال مدريد\n\nB) ريفر بليت\n\nC) بايرن ميونيخ", "response": "C"},

  {"question": "إيه اسم الدوري الأمريكي لكرة القدم؟\n\nA) MSN\n\nB) MLS\n\nC) MPS", "response": "B"},

  {"question": "لاعب الكرة اللي عنده أكبر عدد من الكروت الصفراء\n\nA) مارسيلو\n\nB) داني ألفيس\n\nC) سيرجيو راموس", "response": "B"},

  {"question": "الرئيس الحالي للبرازيل\n\nA) جايير بولسونارو\n\nB) لولا دا سيلفا\n\nC) بياتريز دا سيلفا", "response": "B"},

  {"question": "إيه الأهم عشان تعيش أيام كتير؟\n\nA) ترطب نفسك\n\nB) تاكل\n\nC) ولا واحدة صح", "response": "A"},

  {"question": "كام تحول حصل لجوكو في حياته كبالغ؟\n\nA) 8 تحولات\n\nB) 7 تحولات\n\nC) 6 تحولات", "response": "A"},

  {"question": "إيه كان النوع بتاع الكائنات اللي اسمهم نياندرتال؟\n\nA) كائنات متطورة جدًا\n\nB) كائنات آكلة لحوم البشر\n\nC) كائنات مشابهة للبشر", "response": "C"},

  {"question": "الدولة اللي عندها أبرد جو في العالم\n\nA) القارة القطبية الجنوبية\n\nB) روسيا\n\nC) كندا", "response": "A"},

  {"question": "الدولة اللي عندها أحر جو في العالم\n\nA) الولايات المتحدة\n\nB) الصين\n\nC) إيران", "response": "A"},

  {"question": "إيه اسم العيلة اللي بينتمي ليها أوبيتو في ناروتو؟\n\nA) عيلة هيوقا\n\nB) عيلة أوتشيها\n\nC) عيلة أوزوماكي", "response": "B"},

  {"question": "اسم ويسكي يعتبر إكسير ومعروف من الميمات\n\nA) بلاك ليبل\n\nB) ولا واحدة صح\n\nC) ريد ليبل", "response": "B"},

  {"question": "التمساح اللي بينام...\n\nA) بتاخده التيار\n\nB) بيبقى جزمة\n\nC) كلهم صح", "response": "C"},

  {"question": "كام دقيقة في اليوم الواحد؟\n\nA) 1440 دقيقة\n\nB) 1680 دقيقة\n\nC) 1890 دقيقة", "response": "A"},

  {"question": "إيه هي الدولة اللي عندها معتقدات في الآلهة؟\n\nA) مصر\n\nB) اليونان\n\nC) كلهم صح", "response": "C"},

  {"question": "النوم بيعتبر نوع إيه من الاحتياجات؟\n\nA) أولي\n\nB) ثانوي\n\nC) بقاء", "response": "A"},

  {"question": "كام فرد في عيلة سيمبسون؟\n\nA) 5 أفراد\n\nB) 7 أفراد\n\nC) 9 أفراد", "response": "A"},

  {"question": "اسم القرية اللي عايش فيها ناروتو\n\nA) كونوها\n\nB) القرية المخفية بين الأوراق\n\nC) كلهم صح", "response": "C"},

  {"question": "إيه اسم الشخص اللي بيقرأ المستقبل من الكروت؟\n\nA) قارئة تاروت\n\nB) وسيطة\n\nC) ساحرة", "response": "A"},

  {"question": "إيه هو الماندريل؟\n\nA) نوع من الطيور\n\nB) نوع من الرئيسيات\n\nC) نوع من الأدوات", "response": "B"},

  {"question": "عاصمة موسكو\n\nA) روسيا\n\nB) أوكرانيا\n\nC) ولا واحدة صح", "response": "C"},

  {"question": "اللي راح على إشبيلية...\n\nA) فقد كرسيه\n\nB) محدش يمسكه\n\nC) كلهم صح", "response": "A"},

  {"question": "أنهي من الفصول المناخية دي موجود بالإنجليزي؟\n\nA) ويندي\n\nB) كلوت\n\nC) كلهم صح", "response": "A"},

  {"question": "إيه هو الفعل؟\n\nA) وصف\n\nB) عمل\n\nC) ضمير", "response": "B"},

  {"question": "أنهي حيوان بيتواصل عن طريق الموجات؟\n\nA) بيلوجا\n\nB) خفاش\n\nC) كلهم صح", "response": "C"},

  {"question": "إيه هو أكبر محيط في العالم؟\n\nA) المحيط الأطلنطي\n\nB) المحيط الهندي\n\nC) المحيط الهادي", "response": "C"},

  {"question": "إيه العالم المشهور اللي طور نظرية النسبية؟\n\nA) إسحاق نيوتن\n\nB) ألبرت أينشتاين\n\nC) نيكولا تسلا", "response": "B"},

  {"question": "مين كان أول رئيس للولايات المتحدة؟\n\nA) أبراهام لينكولن\n\nB) توماس جيفرسون\n\nC) جورج واشنطن", "response": "C"},

  {"question": "أنهي دولة كسبت كأس العالم لكرة القدم سنة 2018؟\n\nA) ألمانيا\n\nB) البرازيل\n\nC) فرنسا", "response": "C"},

  {"question": "إيه هي أشهر أعمال ميجيل دي سرفانتس؟\n\nA) لا سيليستينا\n\nB) دون كيشوت دي لا مانشا\n\nC) لا ريخنتا", "response": "B"},

  {"question": "في أنهي سنة غرق التيتانيك؟\n\nA) 1912\n\nB) 1920\n\nC) 1905", "response": "A"},

  {"question": "إيه الممثل اللي لعب دور جاك داوسون في التيتانيك؟\n\nA) براد بيت\n\nB) جوني ديب\n\nC) ليوناردو دي كابريو", "response": "C"},

  {"question": "إيه هو الكتاب الأكثر مبيعًا في كل الأوقات؟\n\nA) دون كيشوت دي لا مانشا\n\nB) الكتاب المقدس\n\nC) هاري بوتر وحجر الفلاسفة", "response": "B"},

  {"question": "أنهي دولة معروفة بأرض الشمس المشرقة؟\n\nA) الصين\n\nB) اليابان\n\nC) كوريا الجنوبية", "response": "B"},

  { "question": "إيه اللاعب المشهور بلقب لابولجا؟\n\n*الاختيارات:*\n- A) كريستيانو رونالدو\n- B) ليونيل ميسي\n- C) نيمار جونيور", "response": "B" },

  { "question": "إيه الرمز الكيميائي للذهب؟\n\n*الاختيارات:*\n- A) Au\n- B) Ag\n- C) Fe", "response": "A" },

  { "question": "مين كاتب سلسلة كتب هاري بوتر؟\n\n*الاختيارات:*\n- A) ج. ك. رولينج\n- B) ج. ر. ر. تولكين\n- C) جورج ر. ر. مارتن", "response": "A" },

  { "question": "في أنهي دولة اتعملت دورة الألعاب الأولمبية 2016؟\n\n*الاختيارات:*\n- A) الصين\n- B) البرازيل\n- C) المملكة المتحدة", "response": "B" },

  { "question": "إيه هو أكبر محيط في العالم؟\n\n*الاختيارات:*\n- A) الأطلسي\n- B) الهندي\n- C) الهادي", "response": "C" },

  { "question": "إيه العالم المشهور اللي طور نظرية النسبية؟\n\n*الاختيارات:*\n- A) الأطلسي\n- B) الهندي\n- C) الهادي", "response": "C" },

  { "question": "إيه العالم المشهور اللي طور نظرية النسبية؟\n\n*الاختيارات:*\n- A) الأطلسي\n- B) الهندي\n- C) الهادي", "response": "C" },

  { "question": "مين كان أول رئيس للولايات المتحدة؟\n\n*الاختيارات:*\n- A) أبراهام لينكولن\n- B) توماس جيفرسون\n- C) جورج واشنطن", "response": "C" },

  { "question": "أنهي دولة كسبت كأس العالم لكرة القدم سنة 2018؟\n\n*الاختيارات:*\n- A) ألمانيا\n- B) البرازيل\n- C) فرنسا", "response": "C" }

  { "question": "إيه أشهر عمل لميجيل دي ثيربانتس؟\n\n*الاختيارات:*\n- A) لا سيلستينا\n- B) دون كيشوت\n- C) لا ريجينتا", "response": "B" },

  { "question": "سنة كام غرقت التايتانيك؟\n\n*الاختيارات:*\n- A) 1912\n- B) 1920\n- C) 1905", "response": "A" },

  { "question": "مين الممثل اللي مثل دور جاك داوسون في \"تايتانيك\"؟\n\n*الاختيارات:*\n- A) براد بيت\n- B) جوني ديب\n- C) ليوناردو دي كابريو", "response": "C" },

  { "question": "إيه الكتاب الأكثر مبيعًا في كل العصور؟\n\n*الاختيارات:*\n- A) دون كيشوت\n- B) الكتاب المقدس\n- C) هاري بوتر وحجر الفيلسوف", "response": "B" },

  { "question": "أنهي دولة معروفة بلقب أرض الشمس المشرقة؟\n\n*الاختيارات:*\n- A) الصين\n- B) اليابان\n- C) كوريا الجنوبية", "response": "B" },

  { "question": "مين الموسيقار المشهور بلقب \"ملك الروك أند رول\"؟\n\n*الاختيارات:*\n- A) إلفيس بريسلي\n- B) مايكل جاكسون\n- C) فريدي ميركوري", "response": "A" },

  { "question": "أنهي قارة هي الأكبر في العالم؟\n\n*الاختيارات:*\n- A) أفريقيا\n- B) آسيا\n- C) أمريكا الجنوبية", "response": "B" },

  { "question": "مين أول امرأة فازت بجائزة نوبل؟\n\n*الاختيارات:*\n- A) ماري كوري\n- B) روزاليند فرانكلين\n- C) آدا لوفلايس", "response": "A" },

  { "question": "إيه العملة الرسمية لليابان؟\n\n*الاختيارات:*\n- A) يوان\n- B) ين\n- C) وون", "response": "B" },

  { "question": "مين كاتب \"الأوديسة\"؟\n\n*الاختيارات:*\n- A) هوميروس\n- B) سوفوكليس\n- C) أفلاطون", "response": "A" },

  { "question": "أنهي دولة فيها أطلال ماتشو بيتشو؟\n\n*الاختيارات:*\n- A) المكسيك\n- B) بيرو\n- C) تشيلي", "response": "B" },

  { "question": "إيه أطول نهر في العالم؟\n\n*الاختيارات:*\n- A) الأمازون\n- B) النيل\n- C) المسيسيبي", "response": "B" },

  { "question": "مين الفنان المعروف إنه قطع واحدة من ودانه؟\n\n*الاختيارات:*\n- A) بابلو بيكاسو\n- B) فينسنت فان جوخ\n- C) ليوناردو دا فينشي", "response": "B" },

  { "question": "سنة كام بدأت الحرب العالمية الثانية؟\n\n*الاختيارات:*\n- A) 1914\n- B) 1939\n- C) 1945", "response": "B" },

  { "question": "إيه اللغة الرسمية في البرازيل؟\n\n*الاختيارات:*\n- A) الإسبانية\n- B) البرتغالية\n- C) الإنجليزية", "response": "B" },

  { "question": "مين المعروف بلقب \"ملك البوب\"؟\n\n*الاختيارات:*\n- A) برينس\n- B) مايكل جاكسون\n- C) جاستن تيمبرليك", "response": "B" },

  { "question": "إيه عاصمة أستراليا؟\n\n*الاختيارات:*\n- A) سيدني\n- B) كانبيرا\n- C) ملبورن", "response": "B" },

  { "question": "مين كاتب \"روميو وجولييت\"؟\n\n*الاختيارات:*\n- A) ويليام شكسبير\n- B) تشارلز ديكنز\n- C) جاين أوستن", "response": "A" }
  
  { "question": "إيه أكتر معدن متوفر في قشرة الأرض؟\n\n*الاختيارات:*\n- A) حديد\n- B) ألمنيوم\n- C) نحاس", "response": "B" },

  { "question": "أنهي دولة اخترعت الورق؟\n\n*الاختيارات:*\n- A) مصر\n- B) الصين\n- C) اليونان", "response": "B" },

  { "question": "إيه أسرع حيوان بري؟\n\n*الاختيارات:*\n- A) شيتا\n- B) أسد\n- C) حصان", "response": "A" },

  { "question": "أنهي رياضة بتتلاعب في ويمبلدون؟\n\n*الاختيارات:*\n- A) كرة القدم\n- B) كريكيت\n- C) تنس", "response": "C" },

  { "question": "مين اللي رسم \"العشاء الأخير\"؟\n\n*الاختيارات:*\n- A) ليوناردو دا فينشي\n- B) ميخائيل أنجلو\n- C) رافائيل", "response": "A" },

  { "question": "إيه العنصر اللي رمزه الكيميائي 'O'؟\n\n*الاختيارات:*\n- A) ذهب\n- B) أوزميوم\n- C) أكسجين", "response": "C" },

  { "question": "في أي مدينة موجود الكولوسيوم؟\n\n*الاختيارات:*\n- A) أثينا\n- B) روما\n- C) باريس", "response": "B" },

  { "question": "إيه العملة الرسمية في المملكة المتحدة؟\n\n*الاختيارات:*\n- A) يورو\n- B) جنيه إسترليني\n- C) دولار", "response": "B" },

  { "question": "مين كان أول إنسان يدور حول الأرض؟\n\n*الاختيارات:*\n- A) نيل أرمسترونغ\n- B) يوري جاجارين\n- C) باز ألدرين", "response": "B" },

  { "question": "إيه الحيوان الوطني لأستراليا؟\n\n*الاختيارات:*\n- A) كوالا\n- B) إيمو\n- C) كنغر", "response": "C" },

  { "question": "إيه رمز الحديد الكيميائي؟\n\n*الاختيارات:*\n- A) Ir\n- B) Fe\n- C) I", "response": "B" },

  { "question": "في أي دولة موجود برج إيفل؟\n\n*الاختيارات:*\n- A) إيطاليا\n- B) إسبانيا\n- C) فرنسا", "response": "C" }
  
  { "question": "إيه أصغر محيط في العالم؟\n\n*الاختيارات:*\n- A) أطلنطي\n- B) هندي\n- C) قطبي", "response": "C" },

  { "question": "مين كانت أول امرأة تاخد جائزة نوبل؟\n\n*الاختيارات:*\n- A) ماري كوري\n- B) روزاليند فرانكلين\n- C) آدا لوفليس", "response": "A" },

  { "question": "إيه العملة الرسمية في اليابان؟\n\n*الاختيارات:*\n- A) يوان\n- B) ين\n- C) وون", "response": "B" },

  { "question": "مين كتب \"الأوديسة\"؟\n\n*الاختيارات:*\n- A) هوميروس\n- B) سوفوكليس\n- C) أفلاطون", "response": "A" },

  { "question": "إيه البلد اللي فيها آثار ماتشو بيتشو؟\n\n*الاختيارات:*\n- A) المكسيك\n- B) بيرو\n- C) تشيلي", "response": "B" },

  { "question": "إيه أطول نهر في العالم؟\n\n*الاختيارات:*\n- A) الأمازون\n- B) النيل\n- C) المسيسيبي", "response": "B" },

  { "question": "مين الفنان اللي اشتهر إنه قطع واحدة من أذنه؟\n\n*الاختيارات:*\n- A) بابلو بيكاسو\n- B) فينسنت فان جوخ\n- C) ليوناردو دا فينشي", "response": "B" },

  { "question": "في أي سنة بدأت الحرب العالمية الثانية؟\n\n*الاختيارات:*\n- A) 1914\n- B) 1939\n- C) 1945", "response": "B" },

  { "question": "إيه اللغة الرسمية في البرازيل؟\n\n*الاختيارات:*\n- A) إسباني\n- B) برتغالي\n- C) إنجليزي", "response": "B" },

  { "question": "مين المعروف بلقب \"ملك البوب\"؟\n\n*الاختيارات:*\n- A) برينس\n- B) مايكل جاكسون\n- C) جاستن تيمبرليك", "response": "B" },

  { "question": "إيه عاصمة أستراليا؟\n\n*الاختيارات:*\n- A) سيدني\n- B) كانبيرا\n- C) ملبورن", "response": "B" },

  { "question": "مين كتب \"روميو وجولييت\"؟\n\n*الاختيارات:*\n- A) ويليام شكسبير\n- B) تشارلز ديكنز\n- C) جاين أوستن", "response": "A" },

  { "question": "إيه أكتر معدن متوفر في قشرة الأرض؟\n\n*الاختيارات:*\n- A) حديد\n- B) ألمنيوم\n- C) نحاس", "response": "B" },

  { "question": "أنهي دولة اخترعت الورق؟\n\n*الاختيارات:*\n- A) مصر\n- B) الصين\n- C) اليونان", "response": "B" },

  { "question": "إيه أسرع حيوان بري؟\n\n*الاختيارات:*\n- A) شيتا\n- B) أسد\n- C) حصان", "response": "A" }

{
  "question": "أي رياضة بتتلعب في ويمبلدون؟\n\n*الاختيارات:*\n- A) كرة القدم\n- B) كريكيت\n- C) تنس",
  "response": "C"
},
{
  "question": "مين اللي رسم \"العشاء الأخير\"؟\n\n*الاختيارات:*\n- A) ليوناردو دافنشي\n- B) ميخائيل أنجلو\n- C) رفائيل",
  "response": "A"
},
{
  "question": "أي عنصر كيميائي رمزه 'O'؟\n\n*الاختيارات:*\n- A) ذهب\n- B) أوزميوم\n- C) أكسجين",
  "response": "C"
},
{
  "question": "في أي مدينة يقع الكولوسيوم؟\n\n*الاختيارات:*\n- A) أثينا\n- B) روما\n- C) باريس",
  "response": "B"
},
{
  "question": "أي عالم مشهور طور نظرية النسبية؟\n\n*الاختيارات:*\n- A) أتلانتيك\n- B) هندي\n- C) المحيط الهادئ",
  "response": "C"
},
{
  "question": "مين أول واحد دار مدار الأرض؟\n\n*الاختيارات:*\n- A) نيل أرمسترونج\n- B) يوري جاجارين\n- C) باز ألدرين",
  "response": "B"
},
{
  "question": "أي حيوان هو الحيوان الوطني لأستراليا؟\n\n*الاختيارات:*\n- A) كوالا\n- B) إيمو\n- C) كنغر",
  "response": "C"
},
{
  "question": "أي عنصر كيميائي رمزه الحديد؟\n\n*الاختيارات:*\n- A) إير\n- B) حديد\n- C) I",
  "response": "B"
},
{
  "question": "في أي بلد تقع برج إيفل؟\n\n*الاختيارات:*\n- A) إيطاليا\n- B) إسبانيا\n- C) فرنسا",
  "response": "C"
},
{
  "question": "أي محيط هو الأصغر في العالم؟\n\n*الاختيارات:*\n- A) الأطلسي\n- B) الهندي\n- C) القطب الشمالي",
  "response": "C"
},
{
  "question": "مين اللي كتب \"مئة عام من العزلة\"؟\n\n*الاختيارات:*\n- A) غابرييل غارسيا ماركيز\n- B) ماريو فارجاس يوسا\n- C) إيزابيل الليندي",
  "response": "A"
},
{
  "question": "أي بلد هو الأكبر في العالم من حيث المساحة؟\n\n*الاختيارات:*\n- A) كندا\n- B) الصين\n- C) روسيا",
  "response": "C"
},
{
  "question": "في أي رياضة بتستخدم كرة وعصا؟\n\n*الاختيارات:*\n- A) تنس\n- B) بيسبول\n- C) كرة القدم",
  "response": "B"
},
{
  "question": "أي غاز ضروري للتنفس البشري؟\n\n*الاختيارات:*\n- A) نيتروجين\n- B) ثاني أكسيد الكربون\n- C) أكسجين",
  "response": "C"
},
{
  "question": "مين المعروف بلقب \"أب الكمبيوتر\"؟\n\n*الاختيارات:*\n- A) آلان تورينج\n- B) تشارلز باباج\n- C) بيل غيتس",
  "response": "B"
},
{
  "question": "في أي سنة سقط جدار برلين؟\n\n*الاختيارات:*\n- A) 1987\n- B) 1989\n- C) 1991",
  "response": "B"
},
{
  "question": "أي بلد هو الأكثر اكتظاظاً بالسكان في العالم؟\n\n*الاختيارات:*\n- A) الهند\n- B) الولايات المتحدة\n- C) الصين",
  "response": "C"
},
{
  "question": "أي فيتامين نحصل عليه أساساً من الشمس؟\n\n*الاختيارات:*\n- A) فيتامين A\n- B) فيتامين C\n- C) فيتامين D",
  "response": "C"
},
{
  "question": "مين اللي أخرج فيلم \"تيتانيك\"؟\n\n*الاختيارات:*\n- A) ستيفن سبيلبرغ\n- B) مارتن سكورسيزي\n- C) جيمس كاميرون",
  "response": "C"
},
{
  "question": "ما هي عاصمة كندا؟\n\n*الاختيارات:*\n- A) تورونتو\n- B) أوتاوا\n- C) فانكوفر",
  "response": "B"
},
{
  "question": "أي بلد مشهور بساعته المزخرفة؟\n\n*الاختيارات:*\n- A) ألمانيا\n- B) سويسرا\n- C) النمسا",
  "response": "B"
},
{
  "question": "في أي مدينة يقع ساغرادا فاميليا؟\n\n*الاختيارات:*\n- A) مدريد\n- B) فالنسيا\n- C) برشلونة",
  "response": "C"
},
{
  "question": "مين المؤلف المشهور بكتابة \"1984\"؟\n\n*الاختيارات:*\n- A) أولدوس هكسلي\n- B) جورج أورويل\n- C) ج.د. سالينجر",
  "response": "B"
},
{
  "question": "أي آلة موسيقية تحتوي على 88 مفتاح؟\n\n*الاختيارات:*\n- A) جيتار\n- B) بيانو\n- C) كمان",
  "response": "B"
},
{
  "question": "أي مدينة هي الأكبر في الولايات المتحدة من حيث عدد السكان؟\n\n*الاختيارات:*\n- A) لوس أنجلوس\n- B) نيويورك\n- C) شيكاغو",
  "response": "B"
},
{
  "question": "مين اللي طور نظرية النسبية؟\n\n*الاختيارات:*\n- A) أتلانتيك\n- B) هندي\n- C) المحيط الهادئ",
  "response": "C"
},
{
  "question": "مين المؤلف المشهور بكتابة \"هاملت\"؟\n\n*الاختيارات:*\n- A) ويليام شكسبير\n- B) مارك توين\n- C) إرنست همنغواي",
  "response": "A"
},
{
  "question": "في أي بلد توجد الأهرامات في الجيزة؟\n\n*الاختيارات:*\n- A) المكسيك\n- B) بيرو\n- C) مصر",
  "response": "C"
},
{
  "question": "أي غاز هو العنصر الرئيسي في الغلاف الجوي للأرض؟\n\n*الاختيارات:*\n- A) أكسجين\n- B) نيتروجين\n- C) ثاني أكسيد الكربون",
  "response": "B"
},
{
  "question": "مين اللي رسم \"غيرنيكا\"؟\n\n*الاختيارات:*\n- A) سلفادور دالي\n- B) بابلو بيكاسو\n- C) فرانسيسكو غويا",
  "response": "B"
},
{
  "question": "أي بلد مشهور بإعداد السوشي؟\n\n*الاختيارات:*\n- A) كوريا الجنوبية\n- B) الصين\n- C) اليابان",
  "response": "C"
},
{
  "question": "أي صحراء هي الأكبر في العالم؟\n\n*الاختيارات:*\n- A) صحراء الصحراء\n- B) صحراء جوبي\n- C) صحراء كالهاري",
  "response": "A"
},
{
  "question": "أي معدن يكون سائل عند درجة حرارة الغرفة؟\n\n*الاختيارات:*\n- A) زئبق\n- B) رصاص\n- C) قصدير",
  "response": "A"
},
{
  "question": "أي بلد هو الأصغر في العالم من حيث المساحة؟\n\n*الاختيارات:*\n- A) موناكو\n- B) سان مارينو\n- C) مدينة الفاتيكان",
  "response": "C"
},
{
  "question": "في أي سنة عُرضت أول فيلم من \"حرب النجوم\"؟\n\n*الاختيارات:*\n- A) 1977\n- B) 1980\n- C) 1983",
  "response": "A"
  },
{
        "question": "إيه عنوان أول ألبوم للفنانة الأرجنتينية 'ناتاليا أوريرو'؟\n\n_الاختيارات:_\n- A) ناتاليا أوريرو\n- B) سمكك\n- C) تورمالينا",
        "response": "A"
    },
    {
        "question": "مين الموسيقار الأرجنتيني اللي يعتبر من أفضل عازفي الكيبورد في التاريخ؟\n\n_الاختيارات:_\n- A) فيتو بايز\n- B) أندريس كالامارو\n- C) ليتو إيبومير",
        "response": "B"
    },
    {
        "question": "إيه اسم الفرقة الموسيقية الأرجنتينية اللي نزلت ألبوم 'أغاني تانية'؟\n\n_الاختيارات:_\n- A) Los Auténticos Decadentes\n- B) Los Piojos\n- C) La Ley",
        "response": "A"
    },
    {
        "question": "مين المطرب الأرجنتيني المعروف بأسلوبه في الغناء 'فولكلور'؟\n\n_الاختيارات:_\n- A) ميرسيدس سوسا\n- B) أتاوالبا يوبانكي\n- C) خورخي كافرون",
        "response": "B"
    },
    {
        "question": "إيه اسم الفرقة الموسيقية الأرجنتينية اللي نزلت ألبوم 'بيبرينا'؟\n\n_الاختيارات:_\n- A) Los Auténticos Decadentes\n- B) Los Piojos\n- C) Los Redondos",
        "response": "A"
    },
    {
        "question": "مين المغنية الأرجنتينية اللي معروفة بأسلوبها في الغناء 'جاز'؟\n\n_الاختيارات:_\n- A) ماريا جرانيا\n- B) أدريانا فاريل\n- C) ساندرا ميهانوفيتش",
        "response": "A"
    },
    {
        "question": "إيه عنوان أول ألبوم لفرقة 'Los Piojos' الأرجنتينية؟\n\n_الاختيارات:_\n- A) تشاكتوتشاك\n- B) أيايايا\n- C) ثالث قوس",
        "response": "A"
    },
    {
        "question": "مين الموسيقار الأرجنتيني اللي يعتبر من أفضل عازفي الجيتار في التاريخ؟\n\n_الاختيارات:_\n- A) فيتو بايز\n- B) أندريس كالامارو\n- C) جييرمو فادالا",
        "response": "C"
    },
    {
        "question": "إيه اسم الفرقة الموسيقية الأرجنتينية اللي نزلت ألبوم 'الذباب والظل'؟\n\n_الاختيارات:_\n- A) باتريسيو ريه وسوز ريدونديدوس دي ريكوتا\n- B) Los Piojos\n- C) Los Redondos",
        "response": "A"
    },
    {
        "question": "مين المطرب الأرجنتيني المعروف بأسلوبه في الغناء 'روك ناسيونال'؟\n\n_الاختيارات:_\n- A) شارلي غارسيا\n- B) فيتو بايز\n- C) أندريس كالامارو",
        "response": "A"
    },
    {
        "question": "إيه عنوان أول ألبوم للمغنية الأرجنتينية 'أدريانا فاريل'؟\n\n_الاختيارات:_\n- A) من الهوا الجيد\n- B) تروفا النهاردة\n- C) فاريل",
        "response": "A"
    },
    {
        "question": "مين الموسيقار الأرجنتيني اللي يعتبر من أفضل عازفي الساكسوفون في التاريخ؟\n\n_الاختيارات:_\n- A) ليتو إيبومير\n- B) فيتو بايز\n- C) خورخي أندرس",
        "response": "C"
    },
    {
        "question": "إيه اسم الفرقة الموسيقية الأرجنتينية اللي نزلت ألبوم 'أكتوبر'؟\n\n_الاختيارات:_\n- A) Los Auténticos Decadentes\n- B) Los Piojos\n- C) Los Redondos",
        "response": "B"
    },
    {
        "question": "مين المطرب الأرجنتيني المعروف بأسلوبه في الغناء 'تانغو'؟\n\n_الاختيارات:_\n- A) كارلوس جارديل\n- B) خوليو سوسا\n- C) روبرتو غويينيتش",
        "response": "A"
    },
    {
        "question": "إيه اسم الفرقة الموسيقية الأرجنتينية اللي نزلت ألبوم 'موسيقى للموتى'؟\n\n_الاختيارات:_\n- A) Los Auténticos Decadentes\n- B) Los Piojos\n- C) A.N.I.M.A.L.",
        "response": "C"
    },
    {
        "question": "مين المغنية الأرجنتينية اللي معروفة بأسلوبها في الغناء 'بوب'؟\n\n_الاختيارات:_\n- A) ناتاليا أوريرو\n- B) ساندرا ميهانوفيتش\n- C) فاليريا لينش",
        "response": "A"
    },
    {
        "question": "إيه عنوان أول ألبوم لفرقة 'Los Redondos' الأرجنتينية؟\n\n_الاختيارات:_\n- A) جالب!\n- B) أكتوبر\n- C) الذباب والظل",
        "response": "A"
    },
    {
        "question": "مين الموسيقار الأرجنتيني اللي يعتبر من أفضل عازفي البيانو في التاريخ؟\n\n_الاختيارات:_\n- A) فيتو بايز\n- B) أندريس كالامارو\n- C) ليتو إيبومير",
        "response": "A"
    },
    {
        "question": "إيه اسم الفرقة الموسيقية الأرجنتينية اللي نزلت ألبوم 'فولكلور'؟\n\n_الاختيارات:_\n- A) ميرسيدس سوسا\n- B) أتاوالبا يوبانكي\n- C) خورخي كافرون",
        "response": "A"
    },
    {
        "question": "مين المطرب الأرجنتيني المعروف بأسلوبه في الغناء 'روك'؟\n\n_الاختيارات:_\n- A) شارلي غارسيا\n- B) فيتو بايز\n- C) أندريس كالامارو",
        "response": "A"
    },
    {
        "question": "إيه عنوان أول ألبوم للمغنية الأرجنتينية 'ساندرا ميهانوفيتش'؟\n\n_الاختيارات:_\n- A) من الهوا الجيد\n- B) تروفا النهاردة\n- C) فاريل",
        "response": "A"
    },
    {
        "question": "مين الموسيقار الأرجنتيني اللي يعتبر من أفضل عازفي الجيتار في التاريخ؟\n\n_الاختيارات:_\n- A) فيتو بايز\n- B) أندريس كالامارو\n- C) ليتو إيبومير",
        "response": "C"
          },
    {
  "question": "إيه هو اسم الفرقة الموسيقية الأرجنتينية اللي نزلت ألبوم 'Tango Argentino'؟\n\n_الاختيارات:_ \n- أ) Gotan Project\n- ب) Bajofondo\n- ج) Tanghetto",
  "response": "أ"
},
{
  "question": "مين هو المغني الأرجنتيني المعروف بأسلوب غناء 'البالادا'؟\n\n_الاختيارات:_ \n- أ) Roberto Carlos\n- ب) Valeria Lynch\n- ج) Alejandro Lerner",
  "response": "ج"
},
{
  "question": "إيه هو اسم الفرقة الموسيقية الأرجنتينية اللي نزلت ألبوم 'Ciclos'؟\n\n_الاختيارات:_ \n- أ) Sui Generis\n- ب) Serú Girán\n- ج) Almendra",
  "response": "أ"
},
{
  "question": "مين هي المغنية الأرجنتينية المعروفة بأسلوب غناء 'الفولك'؟\n\n_الاختيارات:_ \n- أ) Mercedes Sosa\n- ب) Joan Baez\n- ج) Atahualpa Yupanqui",
  "response": "أ"
},
{
  "question": "إيه هو عنوان الألبوم الأول لفرقة 'Serú Girán' الأرجنتينية؟\n\n_الاختيارات:_ \n- أ) La Grasa de las Capitales\n- ب) Bicicleta\n- ج) Peperina",
  "response": "أ"
},
{
  "question": "مين هو الموسيقي الأرجنتيني اللي يعتبر واحد من أفضل العازفين على الباس في التاريخ؟\n\n_الاختيارات:_ \n- أ) Fito Páez\n- ب) Andrés Calamaro\n- ج) Guillermo Vadalá",
  "response": "ج"
},
{
  "question": "إيه هو اسم الفرقة الموسيقية الأرجنتينية اللي نزلت ألبوم 'Vivo en el Sur'؟\n\n_الاختيارات:_ \n- أ) Los Piojos\n- ب) Los Redondos\n- ج) La Ley",
  "response": "أ"
},
{
  "question": "مين هو المغني الأرجنتيني المعروف بأسلوب غناء 'الكمبيا'؟\n\n_الاختيارات:_ \n- أ) Rodrigo Bueno\n- ب) Carlos Monzón\n- ج) Juan Carlos Baglietto",
  "response": "أ"
},
{
  "question": "إيه هو عنوان الألبوم الأول للمغنية الأرجنتينية 'Valeria Lynch'؟\n\n_الاختيارات:_ \n- أ) De la Buena Onda\n- ب) La Trova de Hoy\n- ج) Valeria",
  "response": "ج"
},
{
  "question": "مين هو الموسيقي الأرجنتيني اللي يعتبر واحد من أفضل العازفين على الكيبورد في التاريخ؟\n\n_الاختيارات:_ \n- أ) Fito Páez\n- ب) Andrés Calamaro\n- ج) Lito Epumer",
  "response": "ب"
},
{
  "question": "إيه هو اسم الفرقة الموسيقية الأرجنتينية اللي نزلت ألبوم 'Tango 3.0'؟\n\n_الاختيارات:_ \n- أ) Gotan Project\n- ب) Bajofondo\n- ج) Tanghetto",
  "response": "ب"
},
{
  "question": "مين هو المغني الأرجنتيني المعروف بأسلوب غناء 'الروك الوطني'؟\n\n_الاختيارات:_ \n- أ) Charly García\n- ب) Fito Páez\n- ج) Andrés Calamaro",
  "response": "أ"
},
{
  "question": "إيه هو اسم الفرقة الموسيقية الأرجنتينية اللي نزلت ألبوم 'Mamma'؟\n\n_الاختيارات:_ \n- أ) Sui Generis\n- ب) Serú Girán\n- ج) Almendra",
  "response": "ب"
},
{
  "question": "مين هي المغنية الأرجنتينية المعروفة بأسلوب غناء 'الجاز'؟\n\n_الاختيارات:_ \n- أ) María Graña\n- ب) Adriana Varela\n- ج) Sandra Mihanovich",
  "response": "أ"
},
{
  "question": "إيه هو عنوان الألبوم الأول لفرقة 'Los Auténticos Decadentes' الأرجنتينية؟\n\n_الاختيارات:_ \n- أ) El Milagro Argentino\n- ب) Fiesta monstruo\n- ج) Mi vida es un infierno",
  "response": "أ"
},
{
  "question": "مين هو الموسيقي الأرجنتيني اللي يعتبر واحد من أفضل العازفين على الجيتار في التاريخ؟\n\n_الاختيارات:_ \n- أ) Fito Páez\n- ب) Andrés Calamaro\n- ج) Lito Epumer",
  "response": "ج"
{
  "question": "إيه هو اسم الفرقة الموسيقية الأرجنتينية اللي نزلت ألبوم 'La Mosca y la Sombra'؟\n\n_الاختيارات:_ \n- أ) Patricio Rey y sus Redonditos de Ricota\n- ب) Los Piojos\n- ج) Los Redondos",
  "response": "أ"
}
{
  "question": "مين هو المغني الأرجنتيني المعروف؟\n\n_الاختيارات:_ \n- أ) Charly García\n- ب) Fito Páez\n- ج) Andrés Calamaro",
  "response": "أ"
}
]
