[
    {
        "question": "جيب الايموجي ده 😂",
        "response": "😂"
    },
    {
        "question": "جيب الايموجي ده 😍",
        "response": "😍"
    },
    {
        "question": "جيب الايموجي ده 🤣",
        "response": "🤣"
    },
    {
        "question": "جيب الايموجي ده 😜",
        "response": "😜"
    },
    {
        "question": "جيب الايموجي ده 🥳",
        "response": "🥳"
    },
    {
        "question": "جيب الايموجي ده 🤗",
        "response": "🤗"
    },
    {
        "question": "جيب الايموجي ده 😎",
        "response": "😎"
    },
    {
        "question": "جيب الايموجي ده 😱",
        "response": "😱"
    },
    {
        "question": "جيب الايموجي ده 😏",
        "response": "😏"
    },
    {
        "question": "جيب الايموجي ده 😇",
        "response": "😇"
    },
    {
        "question": "جيب الايموجي ده 🥺",
        "response": "🥺"
    },
    {
        "question": "جيب الايموجي ده 🤔",
        "response": "🤔"
    },
    {
        "question": "جيب الايموجي ده 🙃",
        "response": "🙃"
    },
    {
        "question": "جيب الايموجي ده 😬",
        "response": "😬"
    },
    {
        "question": "جيب الايموجي ده 😒",
        "response": "😒"
    },
    {
        "question": "جيب الايموجي ده 🥵",
        "response": "🥵"
    },
    {
        "question": "جيب الايموجي ده 😅",
        "response": "😅"
    },
    {
        "question": "جيب الايموجي ده 😴",
        "response": "😴"
    },
    {
        "question": "جيب الايموجي ده 😷",
        "response": "😷"
    },
    {
        "question": "جيب الايموجي ده 🤭",
        "response": "🤭"
    },
    {
        "question": "جيب الايموجي ده 😺",
        "response": "😺"
    },
    {
        "question": "جيب الايموجي ده 🙈",
        "response": "🙈"
    },
    {
        "question": "جيب الايموجي ده 🥸",
        "response": "🥸"
    },
    {
        "question": "جيب الايموجي ده 🤓",
        "response": "🤓"
    },
    {
        "question": "جيب الايموجي ده 😤",
        "response": "😤"
    },
    {
        "question": "جيب الايموجي ده 😳",
        "response": "😳"
    },
    {
        "question": "جيب الايموجي ده 😩",
        "response": "😩"
    },
    {
        "question": "جيب الايموجي ده 😵",
        "response": "😵"
    },
    {
        "question": "جيب الايموجي ده 😵‍💫",
        "response": "😵‍💫"
    },
    {
        "question": "جيب الايموجي ده 😤",
        "response": "😤"
    },
    {
        "question": "جيب الايموجي ده 😔",
        "response": "😔"
    },
    {
        "question": "جيب الايموجي ده 😡",
        "response": "😡"
    },
    {
        "question": "جيب الايموجي ده 😈",
        "response": "😈"
    },
    {
        "question": "جيب الايموجي ده 🤡",
        "response": "🤡"
    },
    {
        "question": "جيب الايموجي ده 🥺",
        "response": "🥺"
    },
    {
        "question": "جيب الايموجي ده 👀",
        "response": "👀"
    },
    {
        "question": "جيب الايموجي ده 😋",
        "response": "😋"
    },
    {
        "question": "جيب الايموجي ده 👽",
        "response": "👽"
    },
    {
        "question": "جيب الايموجي ده 💩",
        "response": "💩"
    },
    {
        "question": "جيب الايموجي ده 👌",
        "response": "👌"
    },
    {
        "question": "جيب الايموجي ده 👑",
        "response": "👑"
    },
    {
        "question": "جيب الايموجي ده 💔",
        "response": "💔"
    },
    {
        "question": "جيب الايموجي ده 🤟",
        "response": "🤟"
    },
    {
        "question": "جيب الايموجي ده 🎉",
        "response": "🎉"
    },
    {
        "question": "جيب الايموجي ده 🌈",
        "response": "🌈"
    },
    {
        "question": "جيب الايموجي ده 🌻",
        "response": "🌻"
    },
    {
        "question": "جيب الايموجي ده 🎃",
        "response": "🎃"
    },
    {
        "question": "جيب الايموجي ده 🌊",
        "response": "🌊"
    },
    {
        "question": "جيب الايموجي ده 🌼",
        "response": "🌼"
    },
    {
        "question": "جيب الايموجي ده 🌍",
        "response": "🌍"
    },
    {
        "question": "جيب الايموجي ده 🌙",
        "response": "🌙"
    }
]
